{"IcoMoonType":"selection","icons":[{"icon":{"paths":["M512 128h298v128h-170v470h-2q-8 72-62 121t-128 49q-80 0-136-56t-56-136 56-136 136-56q28 0 64 12v-396z"],"attrs":[{}],"isMulticolor":false,"isMulticolor2":false,"tags":["audiotrack"],"grid":24},"attrs":[{}],"properties":{"order":1,"id":0,"prevSize":24,"code":59653,"name":"audiotrack"},"setIdx":0,"setId":9,"iconIdx":0},{"icon":{"paths":["M512 614.4c-56.554 0-102.4-45.846-102.4-102.4s45.846-102.4 102.4-102.4v0c56.554 0 102.4 45.846 102.4 102.4s-45.846 102.4-102.4 102.4v0zM512 307.2c-56.554 0-102.4-45.846-102.4-102.4s45.846-102.4 102.4-102.4v0c56.554 0 102.4 45.846 102.4 102.4s-45.846 102.4-102.4 102.4v0zM512 921.6c-56.554 0-102.4-45.846-102.4-102.4s45.846-102.4 102.4-102.4v0c56.554 0 102.4 45.846 102.4 102.4s-45.846 102.4-102.4 102.4v0z"],"attrs":[{}],"isMulticolor":false,"isMulticolor2":false,"tags":["dots-horizontal-triple"],"grid":20},"attrs":[{}],"properties":{"order":1,"id":0,"prevSize":20,"code":59652,"name":"dots-horizontal-triple"},"setIdx":1,"setId":8,"iconIdx":0},{"icon":{"paths":["M877.714 109.714v804.571c0 20-16.571 36.571-36.571 36.571h-292.571c-20 0-36.571-16.571-36.571-36.571v-804.571c0-20 16.571-36.571 36.571-36.571h292.571c20 0 36.571 16.571 36.571 36.571zM365.714 109.714v804.571c0 20-16.571 36.571-36.571 36.571h-292.571c-20 0-36.571-16.571-36.571-36.571v-804.571c0-20 16.571-36.571 36.571-36.571h292.571c20 0 36.571 16.571 36.571 36.571z"],"attrs":[{}],"width":878,"isMulticolor":false,"isMulticolor2":false,"tags":["pause"],"grid":14},"attrs":[{}],"properties":{"order":1,"id":5,"prevSize":28,"code":59651,"name":"pause"},"setIdx":2,"setId":7,"iconIdx":0},{"icon":{"paths":["M925.143 80.571c14.286-14.286 25.714-9.143 25.714 10.857v841.143c0 20-11.429 25.143-25.714 10.857l-405.714-405.714c-3.429-3.429-5.714-6.857-7.429-10.857v405.714c0 20-11.429 25.143-25.714 10.857l-405.714-405.714c-14.286-14.286-14.286-37.143 0-51.429l405.714-405.714c14.286-14.286 25.714-9.143 25.714 10.857v405.714c1.714-4 4-7.429 7.429-10.857z"],"attrs":[{}],"width":1017,"isMulticolor":false,"isMulticolor2":false,"tags":["backward"],"grid":14},"attrs":[{}],"properties":{"order":1,"id":4,"name":"backward","prevSize":28,"code":59648},"setIdx":2,"setId":7,"iconIdx":1},{"icon":{"paths":["M25.714 943.429c-14.286 14.286-25.714 9.143-25.714-10.857v-841.143c0-20 11.429-25.143 25.714-10.857l405.714 405.714c3.429 3.429 5.714 6.857 7.429 10.857v-405.714c0-20 11.429-25.143 25.714-10.857l405.714 405.714c14.286 14.286 14.286 37.143 0 51.429l-405.714 405.714c-14.286 14.286-25.714 9.143-25.714-10.857v-405.714c-1.714 4-4 7.429-7.429 10.857z"],"attrs":[{}],"width":885,"isMulticolor":false,"isMulticolor2":false,"tags":["forward"],"grid":14},"attrs":[{}],"properties":{"order":1,"id":3,"name":"forward","prevSize":28,"code":59649},"setIdx":2,"setId":7,"iconIdx":2},{"icon":{"paths":["M790.857 529.714l-758.857 421.714c-17.714 9.714-32 1.143-32-18.857v-841.143c0-20 14.286-28.571 32-18.857l758.857 421.714c17.714 9.714 17.714 25.714 0 35.429z"],"attrs":[{}],"width":809,"isMulticolor":false,"isMulticolor2":false,"tags":["play"],"grid":14},"attrs":[{}],"properties":{"order":1,"id":2,"name":"play","prevSize":28,"code":59650},"setIdx":2,"setId":7,"iconIdx":3}],"height":1024,"metadata":{"name":"music-app"},"preferences":{"showGlyphs":true,"showQuickUse":true,"showQuickUse2":true,"showSVGs":true,"fontPref":{"prefix":"music-app-icon-","metadata":{"fontFamily":"music-app","majorVersion":1,"minorVersion":0},"metrics":{"emSize":1024,"baseline":6.25,"whitespace":50},"embed":false,"showSelector":true,"showMetrics":true,"showMetadata":false,"showVersion":false,"autoHost":false},"imagePref":{"prefix":"icon-","png":true,"useClassSelector":true,"color":0,"bgColor":16777215,"classSelector":".icon","name":"icomoon","height":32,"columns":16,"margin":16},"historySize":50,"showCodes":true,"gridSize":16,"showLiga":false,"quickUsageToken":{"UntitledProject":"NjZkOWZmMTg2NThiMzczOWI1ZDMyOGUwZWExOThhM2QjMSMxNjMyNDkxODQ4IyMj"},"showGrid":true}}